player_name,pos,school,predicted_pick,predicted_team
Taylen Green,QB,Arkansas,34.605064,Tennessee Titans
Cole Payton,QB,North Dakota St.,44.868164,Tennessee Titans
Fernando Mendoza,QB,Indiana,52.92732,Tennessee Titans
Alex Styles,LB,Ohio St.,59.40639,Green Bay Packers
Mike Washington Jr.,RB,Arkansas,61.558575,Tennessee Titans
Kenyon Sadiq,TE,Oregon,62.110535,Tennessee Titans
Eli Stowers,TE,Vanderbilt,62.131046,Tennessee Titans
David Bailey,EDGE,Texas Tech,63.265644,Arizona Cardinals
Haynes King,QB,Georgia Tech,64.774666,Green Bay Packers
Malachi Lawrence,EDGE,Central Florida,65.41465,Tennessee Titans
Diego Pavia,QB,Vanderbilt,68.02237,Los Angeles Rams
Brenen Thompson,WR,Mississippi St.,72.358086,Green Bay Packers
Bryce Lance,WR,North Dakota St.,74.33563,Tennessee Titans
Skyler Bell,WR,Connecticut,74.5509,Tennessee Titans
Carson Beck,QB,Miami,75.77453,Green Bay Packers
Jeff Caldwell,WR,Cincinnati,76.13339,Tennessee Titans
Joe Fagnano,QB,Connecticut,77.88817,Los Angeles Rams
Dani Dennis-Sutton,EDGE,Penn St.,80.621765,Undrafted
Toriano Pride,CB,Missouri,82.96687,Undrafted
Arvell Reese,EDGE,Ohio St.,84.4395,Undrafted
Jeremiyah Love,RB,Notre Dame,85.30399,Tennessee Titans
Chris Bell,WR,Louisville,89.049835,Tennessee Titans
Jonah Coleman,RB,Washington,91.95167,Tennessee Titans
Deion Burks,WR,Oklahoma,91.98291,Undrafted
Makai Lemon,WR,USC,92.98787,Green Bay Packers
Charles Demmings,CB,Stephen F. Austin St.,93.95198,Undrafted
Eli Heidenreich,RB,Navy,94.104706,Green Bay Packers
Daylen Everette,CB,Georgia,94.26104,Undrafted
Chris Johnson,CB,San Diego St.,94.51273,Undrafted
Chris Brazzell II,WR,Tennessee,94.57869,Green Bay Packers
Maxwell Iheanachor,OT,Arizona St.,94.977516,Undrafted
Ted Hurst,WR,Georgia St.,95.12102,Undrafted
Matthew Hibner,TE,SMU,95.22807,Tennessee Titans
Elijah Sarratt,WR,Indiana,95.73429,Green Bay Packers
Kaleb Elarms-Orr,LB,TCU,95.906395,Undrafted
Latrell McCutchin,CB,Houston,97.79401,Undrafted
Sam Roush,TE,Stanford,97.836494,Tennessee Titans
Keldric Faulk,EDGE,Auburn,98.44798,Undrafted
David Gusta,DT,Kentucky,99.159195,Undrafted
Chandler Rivers,CB,Duke,99.59477,Undrafted
Anthony Hill,LB,Texas,99.875656,Undrafted
Ty Simpson,QB,Alabama,100.10436,Los Angeles Rams
Dae'Quan Wright,TE,Mississippi,100.26215,Tennessee Titans
Kendal Daniels,LB,Oklahoma,101.11623,Undrafted
Spencer Fano,OT,Utah,101.49996,Undrafted
Zavion Thomas,WR,LSU,102.11581,Undrafted
Monroe Freeling,OT,Georgia,102.12582,Undrafted
Kadyn Proctor,OT,Alabama,102.55454,Undrafted
Julian Neal,CB,Arkansas,102.769264,Undrafted
Riley Nowakowski,TE,Indiana,103.16427,Undrafted
Germie Bernard,WR,Alabama,103.533676,Green Bay Packers
DeMonte Capehart,DT,Clemson,103.94944,Undrafted
Josh Cameron,WR,Baylor,104.26785,Undrafted
Jack Kelly,LB,BYU,104.561874,Undrafted
Denzel Boston,WR,Washington,105.81325,Undrafted
Josiah Trotter,LB,Missouri,106.014404,Undrafted
Zachariah Branch,WR,Georgia,106.06766,Undrafted
Blake Miller,OT,Clemson,106.170654,Undrafted
Domani Jackson,CB,Alabama,106.44992,Undrafted
Drew Allar,QB,Penn St.,106.66556,Undrafted
Zxavian Harris,DT,Mississippi,106.9533,Undrafted
Trey Zuhn III,C,Texas A&M,107.22777,Undrafted
Caleb Banks,DT,Florida,107.5397,Undrafted
Enrique Cruz,OT,Kansas,107.630295,Undrafted
Francis Mauigoa,OT,Miami,108.158745,Undrafted
Tanner Koziol,TE,Houston,108.69897,Undrafted
De'Zhaun-Ryan Stribling,WR,Mississippi,109.0219,Undrafted
Jager Burton,C,Kentucky,109.10637,Undrafted
Nate Boerkircher,TE,Texas A&M,109.170975,Tennessee Titans
Jordyn Tyson,WR,Arizona St.,109.448044,Undrafted
Caleb Lomu,OT,Utah,109.574524,Undrafted
Caleb Tiernan,OT,Northwestern,109.780205,Undrafted
Tyreak Sapp,EDGE,Florida,109.88081,Undrafted
Wade Woodaz,LB,Clemson,110.37999,Undrafted
Eric McAlister,WR,TCU,110.52244,Undrafted
Sawyer Robertson,QB,Baylor,110.88304,Undrafted
Lander Barton,LB,Utah,111.28018,Undrafted
Zion Young,EDGE,Missouri,111.51627,Undrafted
Jaren Kanak,TE,Oklahoma,111.947174,Undrafted
Dontay Corleone,DT,Cincinnati,112.13909,Undrafted
Jalon Daniels,QB,Kansas,112.61461,Baltimore Ravens
Donaven McCulley,WR,Michigan,112.63112,Undrafted
Jude Bowry,OT,Boston Col.,112.83632,Undrafted
Kaytron Allen,RB,Penn St.,113.33139,Undrafted
Tacario Davis,CB,Washington,113.45245,Undrafted
Adam Randall,RB,Clemson,113.66394,Undrafted
Kaleb Proctor,DT,Southeastern Louisiana,113.689735,Undrafted
Malik Muhammad,CB,Texas,113.77637,Undrafted
Luke Altmyer,QB,Illinois,114.08871,Baltimore Ravens
Austin Barber,OT,Florida,114.11956,Undrafted
Diego Pounds,OT,Mississippi,114.219574,Undrafted
Gabe Jacas,EDGE,Illinois,114.39139,Undrafted
Brandon Cisse,CB,South Carolina,114.4635,Undrafted
Malik Benson,WR,Oregon,114.54352,Undrafted
Zane Durant,DT,Penn St.,114.64942,Undrafted
John Michael Gyllenborg,TE,Wyoming,115.10241,Undrafted
Trey Moore,EDGE,Texas,115.16206,Undrafted
Dametrious Crownover,OT,Texas A&M,115.3304,Undrafted
Patrick Coogan,C,Indiana,115.89559,Undrafted
James Rolder,LB,Michigan,116.0921,Undrafted
Karson Sharar,LB,Iowa,116.36659,Undrafted
Joe Royer,TE,Cincinnati,116.810524,Undrafted
Patrick Payton,EDGE,LSU,116.870834,Undrafted
Khalil Murdock,LB,Buffalo,117.02741,Undrafted
Kyle Louis,LB,Pittsburgh,117.03987,Undrafted
Jacob Rodriguez,LB,Texas Tech,117.091095,Undrafted
Logan Jones,C,Iowa,117.29589,Undrafted
Markel Bell,OT,Miami,117.406166,Undrafted
Bobby Jamison-Travis,DT,Auburn,118.08563,Undrafted
Jeremiah Williams,LB,Texas A&M,118.16902,Undrafted
Keionte Scott,CB,Miami,118.92289,Undrafted
Tomarrion Parker,EDGE,Clemson,119.201035,Undrafted
Caleb Douglas,WR,Texas Tech,119.59373,Undrafted
Deven Eastern,DT,Minnesota,119.60869,Undrafted
Bryce Boettcher,LB,Oregon,119.64691,Undrafted
Chris Adams,OT,Memphis,119.93868,Undrafted
Colton Hood,CB,Tennessee,120.27165,Undrafted
Aiden Fisher,LB,Indiana,120.80871,Undrafted
Thaddeus Dixon,CB,North Carolina,120.84366,Undrafted
Jake Golday,LB,Cincinnati,120.968475,Undrafted
Connor Lew,C,Auburn,121.16865,Undrafted
Deontae Lawson,LB,Alabama,121.49114,Undrafted
Logan Fano,EDGE,Utah,121.85469,Undrafted
Anthony Lucas,EDGE,USC,121.96689,Undrafted
Jaylon Guilbeau,CB,Texas,122.32872,Undrafted
Josh Cuevas,TE,Alabama,122.561966,Undrafted
Seth McGowan,RB,Kentucky,122.68959,Undrafted
Aamil Wagner,OT,Notre Dame,122.9788,Undrafted
Carnell Tate,WR,Ohio St.,123.03194,Undrafted
Keyshaun Elliott,LB,Arizona St.,123.06694,Undrafted
J. Michael Sturdivant,WR,Florida,123.11763,Undrafted
CJ Allen,LB,Georgia,123.132324,Undrafted
Gracen Halton,DT,Oklahoma,123.20421,Undrafted
Keagen Trost,OT,Missouri,123.26055,Undrafted
Namdi Obiazor,LB,TCU,123.4545,Undrafted
Behren Morton,QB,Texas Tech,123.50357,Undrafted
Christen Miller,DT,Georgia,123.531906,Undrafted
Brett Thorson,P,Georgia,123.6809,Undrafted
Dallen Bentley,TE,Utah,123.88324,Undrafted
Jack Pyburn,EDGE,LSU,124.12335,Undrafted
Eric Gentry,LB,USC,124.28564,Undrafted
Kayden McDonald,DT,Ohio St.,124.32713,Undrafted
Khalil Dinkins,TE,Penn St.,125.35593,Undrafted
Wesley Bissainthe,LB,Miami,125.43881,Undrafted
Collin Wright,CB,Stanford,125.460976,Undrafted
CJ Donaldson,RB,Ohio St.,125.578026,Undrafted
Rueben Bain,EDGE,Miami,125.940125,Undrafted
Eric Rivers,WR,Georgia Tech,126.10767,Undrafted
Matt Gulbin,C,Michigan St.,126.28191,Undrafted
Darrell Jackson Jr.,DT,Florida St.,126.392784,Undrafted
Ephesians Prysock,CB,Washington,126.550064,Undrafted
Keith Abney II,CB,Arizona St.,126.576164,Undrafted
Cashius Howell,EDGE,Texas A&M,126.57697,Undrafted
Mansoor Delane,CB,LSU,126.718956,Undrafted
Miles Kitselman,TE,Tennessee,127.05841,Undrafted
Drew Shelton,OT,Penn St.,127.12753,Undrafted
Akheem Mesidor,EDGE,Miami,127.18385,Undrafted
Ja'Kobi Lane,WR,USC,127.19146,Undrafted
Jordan Hudson,WR,SMU,127.74553,Undrafted
DJ Rogers,TE,TCU,128.24132,Undrafted
Albert Regis,DT,Texas A&M,128.26324,Undrafted
J.C. Davis,OT,Illinois,128.40422,Undrafted
Jackie Marshall,DT,Baylor,128.53548,Undrafted
Michael Trigg,TE,Baylor,128.62978,Undrafted
Will Kacmarek,TE,Ohio St.,128.76602,Undrafted
Ahmari Harvey,CB,Georgia Tech,128.99039,Undrafted
Derrick Moore,EDGE,Michigan,129.02574,Undrafted
Domonique Orange,DT,Iowa St.,129.43074,Undrafted
Jermod McCoy,CB,Tennessee,129.73552,Undrafted
Parker Brailsford,C,Alabama,129.90572,Undrafted
Max Klare,TE,Ohio St.,130.00989,Undrafted
Caden Curry,EDGE,Ohio St.,130.36623,Undrafted
Travis Burke,OT,Memphis,130.7529,Undrafted
Le'Veon Moss,RB,Texas A&M,131.32161,Undrafted
Harold Perkins Jr.,LB,LSU,131.63664,Undrafted
Gary Smith,DT,UCLA,131.68047,Undrafted
Keyron Crawford,EDGE,Auburn,132.3244,Undrafted
Nicholas Singleton,RB,Penn St.,132.58682,Undrafted
Kage Casey,OT,Boise St.,132.86705,Undrafted
RJ Maryland,TE,SMU,133.14285,Undrafted
Jake Slaughter,C,Florida,133.47246,Undrafted
Andre Fuller,CB,Toledo,133.51384,Undrafted
Lake McRee,TE,USC,133.64912,Undrafted
Jadon Canady,CB,Oregon,134.57315,Undrafted
D'Angelo Ponds,CB,Indiana,134.60301,Undrafted
Brian Parker,C,Duke,134.74141,Undrafted
Avieon Terrell,CB,Clemson,134.7425,Undrafted
Justin Joly,TE,North Carolina St.,135.31816,Undrafted
Alan Herron,OT,Maryland,135.8879,Undrafted
George Gumbs Jr.,EDGE,Florida,136.09627,Undrafted
Justin Jefferson,LB,Alabama,136.45926,Undrafted
Romello Height,EDGE,Texas Tech,136.83159,Undrafted
Fa'alili Fa'amoe,OT,Wake Forest,137.223,Undrafted
Marlin Klein,TE,Michigan,137.79077,Undrafted
Oscar Delp,TE,Georgia,138.22772,Undrafted
Devin Moore,CB,Florida,138.89037,Undrafted
Jadarian Price,RB,Notre Dame,139.04193,Undrafted
Bryson Eason,DT,Tennessee,139.31856,Undrafted
Chris McClellan,DT,Missouri,140.26793,Undrafted
Davison Igbinosun,CB,Ohio St.,140.8093,Undrafted
Cade Klubnik,QB,Clemson,141.08568,Undrafted
Jaishawn Barham,EDGE,Michigan,141.69365,Undrafted
Aaron Anderson,WR,LSU,141.70229,Undrafted
Damonic Williams,DT,Oklahoma,143.19951,Undrafted
Tommy Doman,P,Florida,143.54015,Undrafted
Jack Endries,TE,Texas,143.90651,Undrafted
Will Lee III,CB,Texas A&M,143.99223,Undrafted
Demond Claiborne,RB,Wake Forest,146.46983,Undrafted
Marvin Jones Jr.,EDGE,Oklahoma,146.59541,Undrafted
Taurean York,LB,Texas A&M,147.26262,Undrafted
Jose Aguilar,QB,Tennessee,147.33858,Undrafted
CJ Daniels,WR,Miami,147.38326,Undrafted
Aidan Hubbard,EDGE,Northwestern,147.79326,Undrafted
Garrett Nussmeier,QB,LSU,149.17511,Undrafted
Mason Reiger,EDGE,Wisconsin,149.19145,Undrafted
Colbie Young,WR,Georgia,149.49449,Undrafted
Cameron Ball,DT,Arkansas,149.66594,Undrafted
Barion Brown,WR,LSU,149.72762,Undrafted
Carver Willis,OT,Washington,149.8105,Undrafted
Sam Hecht,C,Kansas St.,150.14566,Undrafted
Kendrick Law,WR,Kentucky,150.2824,Undrafted
Jack Stonehouse,P,Syracuse,150.53194,Undrafted
Omar Cooper,WR,Indiana,151.2017,Undrafted
Labbeus Overton,EDGE,Alabama,152.43163,Undrafted
Lee Hunter,DT,Texas Tech,153.40866,Undrafted
KC Concepcion,WR,Texas A&M,153.72392,Undrafted
Noah Whittington,RB,Oregon,153.84734,Undrafted
Nick Barrett,DT,South Carolina,153.94594,Undrafted
Marcus Allen,CB,North Carolina,154.25694,Undrafted
Joshua Josephs,EDGE,Tennessee,155.42229,Undrafted
Xavian Sorey Jr.,LB,Arkansas,155.62178,Undrafted
Peter Woods,DT,Clemson,156.05612,Undrafted
Rayshaun Benny,DT,Michigan,156.05612,Undrafted
Elijah Raridon,TE,Notre Dame,156.0965,Undrafted
Bauer Sharp,TE,LSU,156.44897,Undrafted
Rahsul Faison,RB,South Carolina,158.2589,Undrafted
Brandon Cleveland,DT,North Carolina St.,158.9882,Undrafted
Owen Heinecke,LB,Oklahoma,159.09987,Undrafted
Antonio Williams,WR,Clemson,159.22566,Undrafted
R Mason Thomas,EDGE,Oklahoma,160.09373,Undrafted
Vincent Anthony Jr.,EDGE,Duke,160.44987,Undrafted
Roman Hemby,RB,Indiana,161.74287,Undrafted
Tyler Onyedim,DT,Texas A&M,162.0385,Undrafted
Hezekiah Masses,CB,California,163.06783,Undrafted
Max Bredeson,FB,Michigan,163.33586,Undrafted
Ryan Eckley,P,Michigan St.,164.9329,Undrafted
Jam Miller,RB,Alabama,165.11794,Undrafted
Dillon Bell,WR,Georgia,166.48116,Undrafted
Max Llewellyn,EDGE,Iowa,168.6776,Undrafted
Emmett Johnson,RB,Nebraska,168.80841,Undrafted
Desmond Reid,RB,Pittsburgh,169.68385,Undrafted
Drew Stevens,K,Iowa,170.15611,Undrafted
Emmanuel Henderson,WR,Kansas,173.32373,Undrafted
Nadame Tucker,EDGE,Western Michigan,173.67798,Undrafted
Nyjalik Kelly,EDGE,Central Florida,173.75749,Undrafted
Kaden Wetjen,WR,Iowa,176.04625,Undrafted
Skyler Gill-Howard,DT,Texas Tech,178.00264,Undrafted
Wesley Williams,EDGE,Duke,178.77812,Undrafted
Chris Hilton,WR,LSU,179.43452,Undrafted
Avery Smith,CB,Toledo,180.43152,Undrafted
Quintayvious Hutchins,EDGE,Boston Col.,181.0984,Undrafted
Malachi Fields,WR,Notre Dame,182.77753,Undrafted
TJ Hall,CB,Iowa,184.32957,Undrafted
Lorenzo Styles Jr.,SAF,Ohio St.,184.92169,Undrafted
Chase Roberts,WR,BYU,186.12138,Undrafted
Tim Keenan III,DT,Alabama,186.69148,Undrafted
Vinny Anthony II,WR,Wisconsin,187.12769,Undrafted
Dillon Thieneman,SAF,Oregon,187.99538,Undrafted
James Smack,K,Florida,188.23572,Undrafted
Kevin Coleman,WR,Missouri,188.37062,Undrafted
Genesis Smith,SAF,Arizona,190.3118,Undrafted
Jalen Walthall,WR,Incarnate Word,191.2219,Undrafted
Dominic Zvada,K,Michigan,193.76854,Undrafted
Harrison Wallace,WR,Mississippi,194.05403,Undrafted
Caullin Lacy,WR,Louisville,195.26611,Undrafted
DeShon Singleton,SAF,Nebraska,198.6451,Undrafted
J'Mari Taylor,RB,Virginia,198.9605,Undrafted
Jalon Kilgore,SAF,South Carolina,202.21657,Undrafted
Treydan Stukes,SAF,Arizona,202.28233,Undrafted
Robert Spears-Jennings,SAF,Oklahoma,203.3577,Undrafted
Robert Henry Jr.,RB,Texas-San Antonio,203.3702,Undrafted
Jalen Farmer,G,Kentucky,203.81166,Undrafted
Reggie Virgil,WR,Texas Tech,204.66016,Undrafted
Micah Morris,G,Georgia,207.69347,Undrafted
Caleb Downs,SAF,Ohio St.,210.1919,Undrafted
VJ Payne,SAF,Kansas St.,211.48872,Undrafted
Keylan Rutledge,G,Georgia Tech,211.91614,Undrafted
Xavier Nwankpa,SAF,Iowa,215.85039,Undrafted
Jalen Huskey,SAF,Maryland,216.91045,Undrafted
Chase Bisontis,G,Texas A&M,217.06564,Undrafted
Ahmaad Moses,SAF,SMU,217.84193,Undrafted
Bud Clark,SAF,TCU,220.08934,Undrafted
Adari Haulcy,SAF,LSU,221.27667,Undrafted
Jakobe Thomas,SAF,Miami,222.17995,Undrafted
Dillon Wade,G,Auburn,222.26439,Undrafted
Louis Moore,SAF,Indiana,222.82881,Undrafted
Devon Campbell,G,Texas,225.0498,Undrafted
Anez Cooper,G,Miami,226.66519,Undrafted
Zakee Wheatley,SAF,Penn St.,227.50752,Undrafted
Dalton Johnson,SAF,Arizona,228.7411,Undrafted
Kamari Ramsey,SAF,USC,229.53014,Undrafted
Jaeden Roberts,G,Alabama,230.71953,Undrafted
Jeremiah Wright,G,Auburn,233.23395,Undrafted
Emmanuel McNeil-Warren,SAF,Toledo,234.23116,Undrafted
Michael Taaffe,SAF,Texas,237.24872,Undrafted
Gennings Dunker,G,Iowa,238.1765,Undrafted
Joshua Braun,G,Kentucky,239.1597,Undrafted
Olaivavega Ioane,G,Penn St.,248.46716,Undrafted
Febechi Nwaiwu,G,Oklahoma,257.45795,Undrafted
Fernando Carmona,G,Arkansas,257.83282,Undrafted
Logan Taylor,G,Boston Col.,258.11066,Undrafted
Emmanuel Pregnon,G,Oregon,258.54578,Undrafted
Alex Harkey,G,Oregon,258.87036,Undrafted
William Schrauth,G,Notre Dame,259.0549,Undrafted
Bishop Fitzgerald,SAF,USC,260.90265,Undrafted
Ar'maj Reed-Adams,G,Texas A&M,273.46164,Undrafted
Garrett DiGiorgio,G,UCLA,277.5182,Undrafted
Evan Beerntsen,G,Northwestern,279.04144,Undrafted
Beau Stephens,G,Iowa,282.24847,Undrafted
